Merchant_id,Transaction date,Average Amount/transaction/day,Transaction_amount,Is declined,Total Number of declines/day,isForeignTransaction,isHighRiskCountry,Daily_chargeback_avg_amt,6_month_avg_chbk_amt,6-month_chbk_freq,isFradulent,
3160040998,,100,3000,N,5,Y,Y,0,0,0,Y,
3160040998,,100,4300,N,5,Y,Y,0,0,0,Y,
3160041896,,185.5,4823,Y,5,N,N,0,0,0,Y,447
3160141996,,185.5,5008.5,Y,8,N,N,0,0,0,Y,
3160241992,,500,26000,N,0,Y,Y,800,677.2,6,Y,
3160241992,,500,27000,N,0,Y,Y,800,677.2,6,Y,
3160272997,,262.5,11287.5,N,0,N,N,900,345.5,7,Y,
3162041996,,185.5,11130,Y,20,N,N,0,0,0,Y,
3162041996,,185.5,6121.5,Y,20,N,N,0,0,0,Y,
3162041996,,185.5,7049,Y,20,N,N,0,0,0,Y,
3356298138,,166.788473,4836.865717,N,0,N,N,721,229,9,Y,
3359162473,,444.9970144,21804.85371,N,0,Y,Y,0,0,0,Y,
3359690891,,152.451565,4116.192255,N,0,Y,Y,865,375,8,Y,
3364840542,,36.91948763,2141.330283,N,5,Y,Y,0,0,0,Y,
3365355395,,806.1795426,23379.20674,N,0,N,N,816,811,5,Y,
3369900897,,257.0911668,10283.64667,N,4,Y,N,0,0,0,Y,
3376306597,,601.4529708,24659.5718,N,7,N,N,0,0,0,Y,
3386662126,,222.5298151,12461.66965,N,9,Y,N,0,0,0,Y,
3388251889,,231.0673178,12708.70248,N,0,N,N,986,650,8,Y,
3394638119,,675.5694754,39858.59905,N,9,Y,N,0,0,0,Y,
3402333645,,242.1517429,10654.67669,N,0,Y,Y,0,0,0,Y,
3405816400,,804.7617661,42652.3736,N,0,N,N,953,950,8,Y,
3408183027,,432.0302518,22033.54284,N,8,Y,Y,0,0,0,Y,
3413226850,,356.8122632,16056.55184,N,9,Y,Y,0,0,0,Y,
3418090677,,456.2831178,15057.34289,N,0,Y,Y,0,0,0,Y,
3450127241,,780.688498,36692.35941,N,0,Y,N,896,839,6,Y,
3462219091,,947.4890276,44531.9843,N,7,Y,N,0,0,0,Y,
3465787492,,172.5157672,5002.957249,N,9,Y,Y,0,0,0,Y,
3483626412,,111.3750711,5680.128626,N,2,Y,N,0,0,0,Y,
3498029973,,679.9403346,38076.65874,N,0,Y,Y,0,0,0,Y,
3505845546,,476.8645865,26704.41684,N,3,Y,N,0,0,0,Y,
3506126990,,563.054548,23085.23647,N,2,Y,N,0,0,0,Y,
3508979345,,205.8614188,11528.23945,N,0,Y,N,0,0,0,Y,
3527533497,,998.3440744,26955.29001,N,0,Y,Y,701,585,8,Y,
3541182255,,724.0674699,43444.04819,N,0,N,N,877,814,7,Y,
3557460410,,85.54822336,3165.284264,N,0,N,N,454,230,7,Y,
3564918618,,253.6174611,9891.080983,N,2,Y,Y,0,0,0,Y,
3604409798,,18.66793542,784.0532876,N,0,Y,N,973,469,8,Y,
3641844855,,345.2290256,13118.70297,N,0,Y,N,970,758,3,Y,
3642050373,,66.77655374,2804.615257,N,5,N,N,993,954,2,Y,
3651341559,,434.5973006,13472.51632,N,7,Y,Y,0,0,0,Y,
3657008341,,53.18771869,2553.010497,N,6,Y,N,0,0,0,Y,
3659140079,,680.8050065,33359.44532,N,8,Y,N,0,0,0,Y,
3675535563,,480.7217025,17305.98129,N,7,Y,Y,0,0,0,Y,
3687691773,,644.2848716,19972.83102,N,0,N,N,967,226,9,Y,
3706361915,,723.1415323,22417.3875,N,5,Y,N,0,0,0,Y,
3714090682,,879.4463782,40454.5334,N,8,Y,N,0,0,0,Y,
3714419514,,519.6687893,22345.75794,N,4,Y,N,0,0,0,Y,
3729024090,,360.1675018,20169.3801,N,0,N,N,923,542,7,Y,
3742656867,,199.1953372,11752.52489,N,7,Y,N,0,0,0,Y,
3752015916,,741.7709921,37830.3206,N,0,N,N,589,499,8,Y,
3760238152,,293.785663,14395.49749,N,0,Y,N,0,0,0,Y,
3764558156,,464.2802182,21356.89004,N,5,Y,N,0,0,0,Y,
3774659995,,48.43831932,2664.107563,N,8,Y,N,0,0,0,Y,
3776798621,,885.2821332,53116.92799,N,9,Y,N,888,739,8,Y,
3785665909,,532.2414183,15435.00113,N,6,Y,Y,0,0,0,Y,
3785986636,,578.1520606,32376.51539,N,7,N,N,0,0,0,Y,
3799132406,,780.3223403,39016.11702,N,5,Y,Y,0,0,0,Y,
3800617237,,282.8443803,15556.44092,N,7,N,N,0,0,0,Y,
3806421625,,464.1466817,15780.98718,N,0,Y,N,0,0,0,Y,
3808398633,,411.7532238,22234.67409,N,0,N,N,618,497,7,Y,
3811662493,,866.4786465,46789.84691,N,7,N,N,0,0,0,Y,
3816482428,,616.445728,15411.1432,N,4,Y,Y,381,284,5,Y,
3835542787,,837.189105,43533.83346,N,0,Y,Y,0,0,0,Y,
3837335703,,276.825748,8581.598188,N,0,Y,N,0,0,0,Y,
3840707845,,10.66365782,458.5372863,N,8,Y,Y,0,0,0,Y,
3852916753,,327.2204773,16688.24434,N,9,N,N,0,0,0,Y,
3856955720,,810.4856122,20262.14031,N,5,Y,Y,0,0,0,Y,
3858398119,,474.0885428,16593.099,N,2,Y,Y,0,0,0,Y,
3859811531,,444.9309256,21801.61535,N,0,Y,N,0,0,0,Y,
3875188381,,933.1631705,28928.05829,N,5,Y,N,0,0,0,Y,
3884139657,,808.2022141,46067.5262,N,0,Y,Y,0,0,0,Y,
3884787232,,968.6067798,52304.76611,N,4,Y,N,0,0,0,Y,
3905893865,,208.0480827,7489.730977,N,9,Y,Y,0,0,0,Y,
3938462850,,499.6241664,18985.71832,N,0,Y,Y,0,0,0,Y,
3950041893,,570.627572,26819.49588,N,9,N,N,0,0,0,Y,
3958135740,,681.5690311,31352.17543,N,0,Y,Y,0,0,0,Y,
3964604570,,248.4369944,7204.672838,N,5,Y,Y,0,0,0,Y,
3995706579,,539.2368026,25883.36652,N,0,Y,N,964,890,6,Y,
4018645384,,580.9745696,28467.75391,N,5,Y,Y,0,0,0,Y,
4022945723,,336.182123,17817.65252,N,0,Y,Y,0,0,0,Y,
4024505715,,656.2025117,37403.54317,N,5,Y,Y,0,0,0,Y,
4036426557,,393.7053746,11811.16124,N,3,Y,Y,0,0,0,Y,
4058823520,,603.3792276,30772.34061,N,0,Y,N,0,0,0,Y,
4061849015,,308.0830989,17868.81974,N,7,N,N,0,0,0,Y,
4063172111,,886.8957371,44344.78686,N,9,Y,Y,0,0,0,Y,
4072532307,,335.8370761,13097.64597,N,0,Y,Y,0,0,0,Y,
4084592872,,610.5646704,29307.10418,N,9,Y,N,995,846,4,Y,
4105344658,,52.50319147,1365.082978,N,8,Y,Y,0,0,0,Y,
4114574519,,572.3188104,25754.34647,N,0,Y,N,0,0,0,Y,
4117880439,,769.7753903,44646.97264,N,8,N,N,959,386,3,Y,
4127150902,,570.5826102,18829.22614,N,8,N,N,0,0,0,Y,
4128978968,,80.53627851,2335.552077,N,0,Y,Y,593,413,8,Y,
4130501464,,483.9256352,26131.9843,N,7,Y,Y,0,0,0,Y,
4135098150,,268.5412251,8593.319203,N,6,N,N,931,889,3,Y,
4138506573,,787.7379607,32297.25639,N,3,Y,Y,0,0,0,Y,
4139060865,,263.4127903,9746.273241,N,0,Y,N,739,182,8,Y,
4139280493,,921.0639299,46974.26042,N,8,Y,Y,0,0,0,Y,
4151187710,,733.4911774,35941.06769,N,0,Y,Y,0,0,0,Y,
4154299431,,510.4185708,22968.83569,N,0,Y,Y,0,0,0,Y,
4155574823,,9.134958761,429.3430618,N,8,N,N,0,0,0,Y,
4161661486,,29.16618193,904.1516398,N,7,Y,Y,0,0,0,Y,
4163803727,,971.9442274,24298.60569,N,3,Y,Y,0,0,0,Y,
4172276215,,616.3847055,19724.31058,N,7,Y,Y,0,0,0,Y,
4173436510,,418.34977,21754.18804,N,0,Y,Y,0,0,0,Y,
4177712289,,912.5499676,37414.54867,N,2,Y,Y,0,0,0,Y,
4180015902,,110.5364153,3868.774536,N,0,Y,Y,0,0,0,Y,
4192972254,,70.55375568,2187.166426,N,7,N,N,0,0,0,Y,
4202639184,,730.7886618,41654.95372,N,8,N,N,931,415,9,Y,
4205436781,,581.9333833,33170.20285,N,0,Y,Y,0,0,0,Y,
4209927538,,502.4951099,24119.76528,N,0,Y,N,0,0,0,Y,
4223065137,,317.7292099,14297.81445,N,7,N,N,0,0,0,Y,
4224420959,,428.1894204,25263.1758,N,7,N,N,0,0,0,Y,
4225126900,,86.35227213,2935.977252,N,0,N,N,993,992,7,Y,
4225921989,,58.50421659,1521.109631,N,5,Y,Y,0,0,0,Y,
4232210297,,67.75952614,3455.735833,N,7,Y,N,0,0,0,Y,
4240669276,,429.8207641,18912.11362,N,0,Y,N,0,0,0,Y,
4244630120,,979.4752417,46035.33636,N,0,N,N,475,244,4,Y,
4266029386,,924.9840806,39774.31547,N,7,N,N,0,0,0,Y,
4294222139,,705.352783,27508.75854,N,9,Y,N,0,0,0,Y,
4304266734,,664.4396973,31228.66577,N,0,Y,N,0,0,0,Y,
4305702710,,444.8008156,16457.63018,N,0,Y,Y,0,0,0,Y,
4312225167,,224.4733968,6060.781714,N,0,Y,N,0,0,0,Y,
4314204125,,658.1175211,39487.05127,N,8,Y,Y,0,0,0,Y,
4327113971,,926.0312574,41671.40658,N,5,Y,Y,0,0,0,Y,
4345258543,,398.5830073,11160.3242,N,7,N,N,982,350,1,Y,
4348694075,,270.2719797,16216.31878,N,0,N,N,991,914,7,Y,
4349047749,,281.6009344,14924.84952,N,0,Y,Y,0,0,0,Y,
4351013109,,25.94673767,778.4021301,N,3,Y,Y,0,0,0,Y,
4361157500,,892.0737616,50848.20441,N,0,Y,N,0,0,0,Y,
4373776212,,337.1910142,11127.30347,N,0,Y,Y,0,0,0,Y,
4378980797,,359.9114021,15476.19029,N,6,Y,N,0,0,0,Y,
4397330540,,550.9807563,32507.86462,N,0,N,N,707,571,7,Y,
4398664733,,429.5809401,14605.75196,N,9,Y,Y,0,0,0,Y,
4405257384,,619.23554,29723.30592,N,9,Y,Y,0,0,0,Y,
4409660001,,66.89089521,3143.872075,N,4,Y,Y,0,0,0,Y,
4427137431,,720.1632813,25925.87813,N,0,Y,Y,0,0,0,Y,
4431147517,,787.7381474,44113.33625,N,2,Y,Y,0,0,0,Y,
4439427249,,815.8508538,35081.58671,N,8,Y,N,0,0,0,Y,
4443404173,,814.4750536,47239.55311,N,9,N,N,0,0,0,Y,
4453850276,,707.2405588,33240.30626,N,9,Y,N,0,0,0,Y,
4456899824,,383.3426919,14950.36498,N,2,Y,Y,0,0,0,Y,
4481195802,,487.6495231,14141.83617,N,8,N,N,0,0,0,Y,
4489896961,,148.6099184,3715.24796,N,0,N,N,916,704,9,Y,
4526633692,,307.4155075,14448.52885,N,0,Y,Y,0,0,0,Y,
4536078157,,987.0255318,50338.30212,N,2,Y,Y,0,0,0,Y,
4544005938,,744.816824,29047.85614,N,7,N,N,0,0,0,Y,
4557040500,,679.3220446,40080.00063,N,3,Y,Y,0,0,0,Y,
4563845771,,31.25395942,1187.650458,N,8,N,N,0,0,0,Y,
4579872633,,978.691432,25445.97723,N,9,N,N,0,0,0,Y,
4585226511,,256.1895782,9479.014393,N,8,Y,N,0,0,0,Y,
4586229903,,36.55582934,1571.900662,N,0,Y,Y,0,0,0,Y,
4592811487,,865.809278,36363.98968,N,0,Y,N,0,0,0,Y,
4596416910,,28.36943391,1163.14679,N,9,Y,Y,0,0,0,Y,
4628780648,,766.5603656,42160.82011,N,0,N,N,577,367,7,Y,
4629967388,,860.6974012,51641.84407,N,0,Y,Y,667,548,7,Y,
4633703602,,436.3097896,20506.56011,N,8,N,N,695,228,9,Y,
4639560839,,128.0026311,7424.152604,N,7,N,N,0,0,0,Y,
4645301386,,315.7326582,14523.70228,N,0,Y,Y,0,0,0,Y,
4648858919,,110.1401282,6498.267564,N,7,N,N,0,0,0,Y,
4664574739,,259.3569041,9855.562356,N,9,Y,Y,0,0,0,Y,
4667293611,,253.8673429,13201.10183,N,7,Y,N,0,0,0,Y,
4671682416,,334.1530379,18378.41708,N,0,N,N,735,608,7,Y,
4684495167,,507.067806,22310.98346,N,9,N,N,0,0,0,Y,
4687490727,,396.6188071,11105.3266,N,8,Y,Y,0,0,0,Y,
4690923132,,274.9736712,14298.6309,N,4,Y,Y,0,0,0,Y,
4691564176,,630.3932778,34041.237,N,0,Y,Y,0,0,0,Y,
4713612792,,491.2565161,28492.87793,N,8,Y,Y,0,0,0,Y,
4716163260,,971.6299871,56354.53925,N,5,Y,Y,0,0,0,Y,
4718777983,,366.1841195,17943.02186,N,7,Y,Y,0,0,0,Y,
4721121199,,54.41576965,2285.462325,N,0,Y,Y,0,0,0,Y,
4727426967,,719.8422034,37431.79458,N,2,Y,Y,0,0,0,Y,
4734471000,,832.603207,33304.12828,N,0,Y,Y,0,0,0,Y,
4736685684,,753.8463192,37692.31596,N,6,Y,N,0,0,0,Y,
4748248523,,658.3438678,35550.56886,N,8,Y,N,0,0,0,Y,
4751116909,,880.0117675,29920.4001,N,6,Y,N,0,0,0,Y,
4762163981,,735.2684285,18381.71071,N,0,Y,N,835,715,7,Y,
4763086973,,711.0605246,17776.51312,N,8,Y,N,0,0,0,Y,
4764736078,,592.3582367,14808.95592,N,4,Y,Y,0,0,0,Y,
4772667475,,7.409143184,274.1382978,N,3,Y,Y,0,0,0,Y,
4786546169,,147.1329946,7503.782725,N,6,N,N,901,524,8,Y,
4796001508,,121.9231188,4755.001633,N,4,Y,N,0,0,0,Y,
4805279645,,943.4032124,45283.3542,N,3,Y,Y,0,0,0,Y,
4818869188,,644.0231767,37997.36743,N,7,Y,Y,0,0,0,Y,
4835465818,,531.3669609,21786.0454,N,9,N,N,0,0,0,Y,
4838852609,,981.1519167,48076.44392,N,0,N,N,955,816,8,Y,
4839374244,,204.3112252,5516.40308,N,6,N,N,900,300,4,Y,
4851963556,,510.1006804,16833.32245,N,9,N,N,0,0,0,Y,
4858660021,,640.0741242,37124.2992,N,9,Y,Y,0,0,0,Y,
4870833599,,404.716752,23473.57162,N,0,Y,N,0,0,0,Y,
4871980109,,883.3452074,34450.46309,N,0,Y,Y,0,0,0,Y,
4873110740,,545.4334446,29453.40601,N,2,Y,Y,0,0,0,Y,
4878516375,,165.7654947,8454.04023,N,0,Y,Y,0,0,0,Y,
4879626708,,591.3877421,31343.55033,N,2,Y,Y,0,0,0,Y,
4881579578,,640.1624804,26246.6617,N,9,Y,Y,0,0,0,Y,
4890143931,,740.2046238,23686.54796,N,6,Y,Y,0,0,0,Y,
4898289645,,141.7425944,5669.703776,N,7,Y,Y,0,0,0,Y,
4902634359,,271.0728565,15180.07996,N,0,Y,Y,0,0,0,Y,
4906320707,,858.5601081,30908.16389,N,2,Y,Y,0,0,0,Y,
4908055617,,801.2300183,29645.51068,N,6,Y,N,0,0,0,Y,
4908884376,,69.64048686,3551.66483,N,0,Y,Y,0,0,0,Y,
4933502657,,615.5602077,36318.05225,N,0,Y,Y,0,0,0,Y,
4937588881,,594.8029527,30334.95059,N,4,Y,Y,0,0,0,Y,
4940039747,,600.0949052,31805.02998,N,0,Y,Y,0,0,0,Y,
4942320098,,620.1060587,25424.34841,N,1,N,N,403,391,4,Y,
4943712797,,131.8452729,3823.512914,N,0,Y,Y,0,0,0,Y,
4946946678,,551.0820991,24798.69446,N,9,N,N,0,0,0,Y,
4948629322,,865.32028,38074.09232,N,0,N,N,996,996,6,Y,
4970606263,,589.1127234,34757.65068,N,7,Y,Y,0,0,0,Y,
4973267879,,287.0167931,12341.7221,N,0,Y,Y,0,0,0,Y,
4973310264,,919.8808727,39554.87753,N,0,Y,Y,0,0,0,Y,
4988866051,,850.4822313,46776.52272,N,8,Y,N,0,0,0,Y,
4989248225,,240.9497143,8192.290286,N,4,Y,Y,0,0,0,Y,
5020008779,,388.4652081,15538.60832,N,8,N,N,954,339,6,Y,
5022726674,,540.6711096,14057.44885,N,8,Y,Y,0,0,0,Y,
5035552703,,413.7465063,24824.79038,N,7,N,N,0,0,0,Y,
5037840894,,509.1908935,28005.49914,N,5,Y,N,0,0,0,Y,
5041652546,,308.7609554,16673.09159,N,0,N,N,917,633,6,Y,
5054473235,,353.7778362,19104.00315,N,5,Y,N,0,0,0,Y,
5057209186,,284.1427114,15343.70642,N,8,Y,Y,0,0,0,Y,
5063944744,,521.4180425,28677.99234,N,5,Y,Y,0,0,0,Y,
5066590987,,263.2839832,13954.05111,N,0,Y,Y,0,0,0,Y,
5076373986,,688.9080072,33756.49235,N,5,Y,N,0,0,0,Y,
5091764220,,746.2325632,26864.37228,N,0,N,N,502,441,7,Y,
5108511837,,162.269086,8113.4543,N,9,N,N,0,0,0,Y,
5116547959,,657.5491567,30247.26121,N,0,N,N,894,883,8,Y,
5120397575,,980.8272044,50022.18742,N,2,Y,Y,0,0,0,Y,
5121812372,,450.4208559,17566.41338,N,0,Y,N,833,761,7,Y,
5134289117,,639.6560067,24306.92825,N,0,N,N,377,319,7,Y,
5150845822,,875.3109328,35887.74824,N,0,Y,Y,0,0,0,Y,
5180064875,,877.3857224,42991.9004,N,3,Y,N,0,0,0,Y,
5183376007,,749.7096084,23240.99786,N,8,N,N,614,235,1,Y,
5193134213,,967.0755763,34814.72075,N,0,Y,Y,0,0,0,Y,
5195567970,,959.1378013,52752.57907,N,0,N,N,786,737,9,Y,
5202727146,,699.5129575,25182.46647,N,0,N,N,939,931,1,Y,
5224070838,,108.2845499,5197.658395,N,5,Y,Y,0,0,0,Y,
5235580276,,348.1773237,14623.4476,N,3,Y,N,0,0,0,Y,
5258312871,,732.0449117,18301.12279,N,1,Y,Y,0,0,0,Y,
5259123670,,858.5168817,22321.43892,N,0,Y,N,0,0,0,Y,
5264128511,,7.954238966,294.3068417,N,4,Y,Y,0,0,0,Y,
5271180204,,189.3138594,10601.57613,N,0,Y,Y,0,0,0,Y,
5274967692,,49.67058576,1738.470502,N,0,Y,N,0,0,0,Y,
5284726016,,459.2866416,16075.03246,N,8,Y,N,0,0,0,Y,
5309800449,,846.6760804,30480.33889,N,7,N,N,0,0,0,Y,
5331771857,,674.7817162,35088.64924,N,5,Y,N,0,0,0,Y,
5338031118,,865.7940313,45887.08366,N,0,N,N,487,393,9,Y,
5339489340,,806.125364,20959.25946,N,9,Y,Y,0,0,0,Y,
5339849253,,142.5739552,5845.532163,N,8,N,N,0,0,0,Y,
5345941652,,726.0532789,27590.0246,N,0,N,N,802,399,6,Y,
5355399779,,43.64750081,1440.367527,N,0,N,N,183,101,9,Y,
5425524255,,186.3281183,10993.35898,N,0,N,N,942,891,6,Y,
5426200375,,935.0104992,46750.52496,N,0,Y,Y,0,0,0,Y,
5426239243,,124.1292468,4344.523638,N,0,Y,Y,0,0,0,Y,
5436582563,,569.4513831,26764.21501,N,9,Y,N,0,0,0,Y,
5436781051,,204.4915452,5112.28863,N,5,Y,Y,0,0,0,Y,
5438087941,,498.4128013,29406.35528,N,0,Y,Y,0,0,0,Y,
5439431588,,534.7917778,13904.58622,N,5,Y,Y,0,0,0,Y,
5440569593,,255.8440962,6396.102405,N,9,Y,Y,0,0,0,Y,
5444358642,,690.3779723,41422.67834,N,3,Y,Y,0,0,0,Y,
5449566080,,980.8982809,46102.2192,N,8,N,N,0,0,0,Y,
5459497990,,773.6826383,22436.79651,N,0,N,N,985,685,1,Y,
5474497608,,569.9575183,19378.55562,N,5,Y,N,527,339,8,Y,
5475382688,,969.4199486,37807.378,N,6,Y,Y,0,0,0,Y,
5491231228,,500.7184551,20529.45666,N,8,Y,Y,0,0,0,Y,
5495610149,,913.0344755,28304.06874,N,6,Y,Y,0,0,0,Y,
5497895958,,192.4426122,7312.819264,N,0,Y,N,0,0,0,Y,
5498518099,,397.8326505,9945.816263,N,7,N,N,993,330,4,Y,
5499666666,,826.6331531,42984.92396,N,5,Y,Y,0,0,0,Y,
5504141167,,364.0641254,17111.01389,N,0,Y,Y,0,0,0,Y,
5507239729,,145.7400314,5538.121193,N,0,N,N,788,586,9,Y,
5508434208,,212.6425076,8293.057796,N,0,N,N,801,789,9,Y,
5516509929,,807.7347087,40386.73544,N,0,Y,Y,0,0,0,Y,
5520132673,,978.7182792,37191.29461,N,2,Y,N,0,0,0,Y,
5526236381,,418.9848756,10893.60677,N,9,N,N,0,0,0,Y,
5560111892,,684.2787417,22581.19848,N,8,Y,Y,0,0,0,Y,
5562961422,,312.3866556,15306.94612,N,0,N,N,878,728,6,Y,
5586273121,,858.5143144,36057.6012,N,3,Y,Y,0,0,0,Y,
5588296997,,484.1391246,17913.14761,N,1,Y,Y,992,741,7,Y,
5591651411,,452.309247,18996.98837,N,4,Y,N,0,0,0,Y,
5602598291,,814.3885462,35018.70749,N,8,Y,Y,0,0,0,Y,
5614772190,,818.1752923,27817.95994,N,0,Y,N,0,0,0,Y,
5624569909,,132.3457772,4102.719093,N,0,Y,Y,0,0,0,Y,
5631261207,,697.0536989,30670.36275,N,5,Y,Y,0,0,0,Y,
5634640261,,539.9713415,29158.45244,N,6,N,N,991,989,4,Y,
5636587443,,820.8520643,41042.60322,N,7,Y,N,0,0,0,Y,
5639232781,,137.1661614,5898.14494,N,3,Y,Y,0,0,0,Y,
5646455022,,129.2911425,4525.189988,N,5,Y,Y,0,0,0,Y,
5655572596,,683.2697187,34163.48594,N,0,Y,Y,0,0,0,Y,
5656117724,,432.7778058,21638.89029,N,0,Y,N,0,0,0,Y,
5663085583,,460.678046,27640.68276,N,3,Y,N,0,0,0,Y,
5671132124,,317.468299,15555.94665,N,2,Y,N,0,0,0,Y,
5673635669,,273.0599823,15291.35901,N,6,Y,Y,0,0,0,Y,
5675544222,,856.7066756,24844.49359,N,8,Y,Y,0,0,0,Y,
5676841832,,694.7347017,36126.20449,N,0,Y,N,0,0,0,Y,
5688747995,,506.9870067,20786.46727,N,6,Y,Y,0,0,0,Y,
5690777846,,204.9659578,11273.12768,N,3,Y,N,0,0,0,Y,
5693783739,,500.0066511,22000.29265,N,7,Y,Y,0,0,0,Y,
5696577327,,756.0365827,42338.04863,N,6,Y,N,0,0,0,Y,
5703519784,,931.9793134,40075.11048,N,9,N,N,0,0,0,Y,
5708922255,,681.0673665,21794.15573,N,0,Y,Y,0,0,0,Y,
5731414073,,492.558973,20687.47687,N,9,N,N,0,0,0,Y,
5733530619,,434.4737987,14772.10916,N,0,Y,Y,0,0,0,Y,
5734095507,,363.183629,13074.61064,N,0,Y,N,971,615,3,Y,
5760152287,,147.5242383,8261.357345,N,2,Y,Y,0,0,0,Y,
5766099974,,847.9098005,42395.49003,N,6,Y,Y,0,0,0,Y,
5790085700,,402.5043924,20930.2284,N,2,Y,Y,961,122,1,Y,
5793673119,,471.3818806,23569.09403,N,4,Y,Y,0,0,0,Y,
5795857704,,798.1141754,26337.76779,N,9,Y,Y,0,0,0,Y,
5797107780,,992.6494887,25808.88671,N,0,Y,N,0,0,0,Y,
5811420020,,122.1290163,7327.740978,N,6,Y,Y,0,0,0,Y,
5845551567,,404.1382887,23440.02074,N,7,Y,N,0,0,0,Y,
5859908215,,337.8148501,8783.186103,N,7,Y,Y,0,0,0,Y,
5862353618,,720.7841274,38922.34288,N,0,Y,N,0,0,0,Y,
5863189919,,640.7230528,21143.86074,N,5,Y,N,0,0,0,Y,
5869315272,,592.8263199,17784.7896,N,5,Y,N,0,0,0,Y,
5871664480,,279.1086726,15909.19434,N,0,Y,N,0,0,0,Y,
5874863707,,265.8169401,9835.226784,N,0,Y,Y,0,0,0,Y,
5879049904,,986.2171125,56214.37541,N,4,Y,N,876,539,8,Y,
5884529995,,705.1993256,19040.38179,N,5,Y,Y,0,0,0,Y,
5892017866,,416.9327519,18761.97384,N,9,Y,N,0,0,0,Y,
5928254406,,899.179126,40463.06067,N,7,N,N,0,0,0,Y,
5930697966,,427.1692882,16232.43295,N,0,Y,N,0,0,0,Y,
5934351213,,925.0870281,24977.34976,N,8,Y,N,822,485,9,Y,
5938834165,,733.9913263,38167.54897,N,4,Y,N,0,0,0,Y,
5943567820,,243.7620445,11456.81609,N,8,Y,N,0,0,0,Y,
5959708973,,877.8014753,36867.66196,N,9,Y,Y,0,0,0,Y,
5969094614,,922.3986849,37818.34608,N,3,Y,Y,0,0,0,Y,
5988848064,,947.7074177,45489.95605,N,3,N,N,856,483,4,Y,
5991109342,,515.2839682,13397.38317,N,9,N,N,0,0,0,Y,
6016034477,,979.5699377,41141.93738,N,0,Y,Y,0,0,0,Y,
6023215001,,790.1523003,41878.07192,N,9,N,N,0,0,0,Y,
6028844245,,865.2955833,23362.98075,N,4,N,N,572,166,6,Y,
6051871856,,562.7565227,15757.18264,N,6,Y,N,0,0,0,Y,
6052221972,,101.461186,5174.520486,N,8,Y,N,0,0,0,Y,
6062032943,,58.85243721,3413.441358,N,8,Y,Y,0,0,0,Y,
6062389909,,81.64788579,4572.281604,N,0,Y,Y,0,0,0,Y,
6070790055,,15.74247373,535.2441068,N,8,Y,N,0,0,0,Y,
6080895069,,666.0617481,21313.97594,N,8,N,N,939,767,3,Y,
6083913860,,871.8621512,28771.45099,N,9,N,N,789,646,4,Y,
6101824913,,425.4511691,25527.07015,N,9,Y,N,0,0,0,Y,
6102479353,,489.4387231,26919.12977,N,9,Y,N,0,0,0,Y,
6115607724,,918.9229043,40432.60779,N,7,Y,Y,0,0,0,Y,
6118190038,,862.8380502,41416.22641,N,5,Y,N,0,0,0,Y,
6122610392,,831.8627613,49079.90292,N,0,Y,Y,0,0,0,Y,
6124595289,,81.92117847,3850.295388,N,9,N,N,0,0,0,Y,
6139931192,,347.7253025,19820.34224,N,0,Y,Y,0,0,0,Y,
6142510334,,249.8231543,6245.578858,N,0,Y,Y,0,0,0,Y,
6148192483,,768.5943157,46115.65894,N,9,N,N,795,673,9,Y,366
6177585619,,519.3985865,16101.35618,N,5,Y,Y,987,859,3,Y,
6188405933,,456.3813634,11865.91545,N,4,Y,Y,0,0,0,Y,
6189443441,,894.7819545,37580.84209,N,9,Y,Y,0,0,0,Y,
6196064718,,793.550405,27774.26418,N,2,Y,Y,0,0,0,Y,
6199861179,,916.0180605,27480.54182,N,3,Y,Y,0,0,0,Y,
6201160714,,114.2010307,6623.659781,N,8,Y,Y,0,0,0,Y,
6210230406,,241.8275704,13542.34394,N,3,Y,Y,995,381,6,Y,
6278623414,,115.0563898,4487.199202,N,0,Y,N,557,527,7,Y,
6283390216,,331.8126225,17586.06899,N,0,N,N,398,224,7,Y,
6283975662,,908.1458054,23611.79094,N,3,Y,Y,0,0,0,Y,
6287176937,,173.3603869,4334.009673,N,0,Y,N,0,0,0,Y,
6291161670,,654.8001656,25537.20646,N,0,Y,Y,0,0,0,Y,
6298132922,,263.3156802,6582.892005,N,9,Y,Y,0,0,0,Y,
6321557899,,715.1170832,24313.98083,N,2,Y,Y,0,0,0,Y,
6326408917,,735.9010899,25756.53815,N,0,Y,Y,0,0,0,Y,
6338071932,,942.3427767,44290.1105,N,2,N,N,943,934,6,Y,
6339832383,,47.18366965,1651.428438,N,0,Y,Y,0,0,0,Y,
6347291796,,411.2015311,14392.05359,N,5,Y,N,0,0,0,Y,
6348242452,,544.050812,14689.37192,N,0,Y,N,0,0,0,Y,
6353760025,,324.6814562,10065.12514,N,9,Y,Y,0,0,0,Y,
6356587989,,69.80049552,1814.812884,N,0,Y,N,884,708,6,Y,
6374053602,,94.27628892,5373.748468,N,0,N,N,938,929,9,Y,
6378428813,,687.7898409,17882.53586,N,3,Y,N,0,0,0,Y,
6392329354,,989.7481646,30682.1931,N,0,Y,Y,982,764,6,Y,
6396307681,,380.3262615,17495.00803,N,0,Y,Y,0,0,0,Y,
6403649379,,805.5476019,31416.35647,N,0,Y,N,0,0,0,Y,
6412131239,,684.2297364,30106.1084,N,4,Y,Y,0,0,0,Y,
6416323290,,483.5514489,13539.44057,N,9,N,N,0,0,0,Y,
6419109258,,534.4449872,14430.01465,N,0,N,N,780,188,7,Y,
6455635890,,705.8118035,41642.89641,N,0,N,N,940,815,6,Y,
6471049957,,81.53100514,4728.798298,N,0,Y,Y,0,0,0,Y,
6485322328,,421.2386089,19798.21462,N,8,N,N,777,195,1,Y,
6486520105,,107.0893057,3212.679171,N,8,N,N,0,0,0,Y,
6487405222,,302.5597406,17548.46495,N,0,N,N,941,826,9,Y,
6494182360,,503.9905822,28223.4726,N,1,Y,N,0,0,0,Y,
6511919222,,238.2450816,10482.78359,N,6,Y,Y,0,0,0,Y,
6514902255,,9.919197533,257.8991359,N,6,Y,Y,0,0,0,Y,
6516357223,,43.21184997,2333.439898,N,7,Y,Y,0,0,0,Y,
6537548014,,895.6099868,50154.15926,N,0,N,N,841,386,8,Y,
6553441185,,796.4496467,19911.24117,N,8,Y,Y,0,0,0,Y,
6561840914,,814.1466471,24424.39941,N,9,Y,Y,0,0,0,Y,
6586987902,,973.996789,56491.81376,N,6,Y,N,0,0,0,Y,
6597904988,,259.3645136,13227.59019,N,0,Y,Y,0,0,0,Y,
6606661761,,756.7421967,37080.36764,N,4,N,N,673,512,8,Y,
6612448144,,979.5642622,49957.77737,N,6,Y,Y,0,0,0,Y,
6619775423,,378.3035981,12862.32234,N,0,N,N,956,645,6,Y,
6633884878,,263.4791392,8694.811594,N,2,Y,Y,0,0,0,Y,
6656725630,,769.0106009,40757.56185,N,6,Y,Y,0,0,0,Y,
6661273529,,880.9781253,24667.38751,N,4,Y,N,754,585,7,Y,
6661273529,,1000,56000,Y,1,Y,N,754,585,7,Y,
6661273529,,2000,54000,Y,2,Y,N,754,585,7,Y,
6661273529,,2000,106000,N,3,Y,N,754,585,7,Y,
6661273529,,1000,28000,N,4,Y,N,754,585,7,Y,
6661273529,,500,20000,N,5,Y,N,754,585,7,Y,
6661273529,,300,15000,N,6,Y,N,754,585,7,Y,
6661273530,,1000,27000,Y,0,Y,N,754,585,7,Y,
6661273530,,1000,34000,Y,1,Y,N,754,585,7,Y,
6661273530,,2000,80000,Y,2,Y,N,754,585,7,Y,
6661273530,,2000,108000,Y,3,Y,N,754,585,7,Y,
6661273530,,1000,29000,Y,4,Y,N,754,585,7,Y,
6661273530,,500,23000,Y,5,Y,N,754,585,7,Y,
6661273530,,300,15300,Y,6,Y,N,754,585,7,Y,
6661273531,,1200,61200,Y,0,Y,Y,754,585,7,Y,
6661273531,,600,16200,Y,1,Y,Y,754,585,7,Y,
6661273531,,300,7800,Y,2,Y,Y,754,585,7,Y,
6661273531,,500,16500,Y,0,N,N,754,585,7,Y,
6661273531,,500,19500,Y,1,N,N,754,585,7,Y,
6661273531,,500,14000,Y,2,N,N,754,585,7,Y,
6661273532,,500,17500,Y,1,N,N,754,585,7,Y,
6661273532,,500,23000,N,2,N,N,754,585,7,Y,
6661273532,,800,24800,Y,1,N,N,754,585,7,Y,
6661273532,,400,10400,Y,2,N,N,754,585,7,Y,
6661273532,,200,10400,N,3,N,N,754,585,7,Y,
6661273533,,800,35200,Y,1,N,N,754,585,7,Y,
6661273533,,400,14000,Y,2,N,N,754,585,7,Y,
6661273533,,200,7800,N,3,N,N,754,585,7,Y,
6661273534,,800,31200,Y,0,Y,Y,754,585,7,Y,
6661273534,,700,25900,Y,1,Y,Y,754,585,7,Y,
6661273534,,800,40800,Y,0,Y,Y,754,585,7,Y,
6661273534,,800,40000,Y,1,Y,Y,754,585,7,Y,
6661273534,,400,12800,Y,2,Y,Y,754,585,7,Y,
6661273534,,200,11600,N,3,Y,Y,754,585,7,Y,
6661273531,,1200,54000,Y,0,Y,Y,754,585,7,Y,
6661273531,,600,17400,Y,1,Y,Y,754,585,7,Y,
6661273531,,300,15000,Y,2,Y,Y,754,585,7,Y,
6661273531,,500,26500,Y,4,N,N,754,585,7,Y,
6661273531,,500,22000,Y,5,N,N,754,585,7,Y,
6661273531,,500,14000,Y,6,N,N,754,585,7,Y,
6661273532,,1000,29000,Y,1,Y,Y,754,585,7,Y,
6661273532,,1000,43000,Y,2,Y,Y,754,585,7,Y,
6661273532,,500,25500,Y,3,N,N,754,585,7,Y,
6661273532,,500,18000,Y,4,N,N,754,585,7,Y,
6661273532,,500,16500,Y,5,N,N,754,585,7,Y,
6661273533,,1000,35000,Y,1,Y,Y,754,585,7,Y,
6661273533,,1000,49000,Y,2,Y,Y,754,585,7,Y,
6661273533,,500,20500,Y,0,N,N,754,585,7,Y,
6661273533,,500,13500,Y,1,N,N,754,585,7,Y,
6661273533,,500,22500,Y,2,N,N,754,585,7,Y,
6661273533,,100,3100,Y,2,N,N,754,585,7,Y,
6661273533,,100,5300,Y,2,N,N,754,585,7,Y,
3160041996,,185.5,5008.5,Y,0,N,N,0,0,0,N,
3160041996,,185.5,742,Y,1,N,N,0,0,0,N,
3160041996,,185.5,2411.5,Y,2,N,N,0,0,0,N,
3200016990,,262.5,3412.5,N,0,N,N,0,0,0,N,
3200016990,,375,10875,N,0,N,N,0,0,0,N,
3200016990,,375,4125,N,0,N,N,0,0,0,N,
3333780991,,375,4125,N,0,N,N,0,0,0,N,
3335028024,,795.3258416,17497.16852,N,0,N,N,0,0,0,N,
3335329456,,574.8953529,7473.639588,N,0,N,N,0,0,0,N,
3337530841,,697.1947817,697.1947817,N,0,Y,N,530,438,1,N,
3338290326,,660.9056456,13879.01856,N,6,N,N,0,0,0,N,
3341313096,,139.5079394,1255.571455,N,0,N,N,0,0,0,N,
3341718873,,908.66928,1817.33856,N,0,N,N,0,0,0,N,
3342028911,,182.8927022,3292.06864,N,0,Y,N,0,0,0,N,
3343183606,,748.9456577,18723.64144,N,0,N,N,0,0,0,N,
3343565842,,925.6920964,24067.99451,N,0,N,N,0,0,0,N,
3347141750,,784.7583042,2354.274913,N,0,N,N,0,0,0,N,
3349106106,,571.218401,11424.36802,N,0,Y,N,0,0,0,N,
3349221228,,537.2396194,537.2396194,N,1,N,N,0,0,0,N,
3351178102,,801.4859808,801.4859808,N,0,N,N,0,0,0,N,
3351313375,,793.2098759,6345.679007,N,0,N,N,0,0,0,N,
3352166255,,388.4139607,5437.79545,N,0,N,N,0,0,0,N,
3352708526,,702.0144268,6318.129841,N,0,N,N,0,0,0,N,
3356830106,,477.5880271,6686.232379,N,4,Y,N,0,0,0,N,
3358331170,,977.8147143,15645.03543,N,0,N,N,0,0,0,N,
3359485487,,604.4644263,14507.14623,N,0,Y,N,0,0,0,N,
3359515389,,738.8735633,15516.34483,N,0,Y,N,918,781,2,N,
3361344544,,176.9943282,4424.858205,N,0,Y,N,0,0,0,N,
3362934997,,772.5997851,16997.19527,N,0,N,N,0,0,0,N,
3363782481,,817.7037576,16354.07515,N,0,N,N,0,0,0,N,
3364000461,,900.8032314,26123.29371,N,0,N,N,0,0,0,N,
3364792317,,695.8323671,15308.31208,N,0,N,N,0,0,0,N,
3365168978,,515.8856183,10833.59798,N,1,N,N,0,0,0,N,
3369503548,,797.6814921,19144.35581,N,0,N,N,0,0,0,N,
3372853708,,73.02885368,1752.692488,N,6,N,N,0,0,0,N,
3373747581,,554.570771,554.570771,N,0,N,N,0,0,0,N,
3374256191,,283.7194669,4823.230937,N,0,N,N,0,0,0,N,
3376642926,,492.0418223,7380.627335,N,0,N,N,0,0,0,N,
3377525986,,518.8298938,518.8298938,N,0,Y,N,730,677,4,N,
3377598810,,980.6475055,0,N,0,N,N,0,0,0,N,
3379194612,,681.4592031,681.4592031,N,0,N,N,0,0,0,N,
3379286495,,258.4302829,7236.047921,N,5,N,N,0,0,0,N,
3382903731,,788.6774125,18928.2579,N,0,N,N,0,0,0,N,
3382992385,,305.901316,7035.730268,N,0,N,N,0,0,0,N,
3384289990,,667.4968404,11347.44629,N,0,Y,N,0,0,0,N,
3386119800,,953.2963089,6673.074162,N,0,N,N,0,0,0,N,
3386625503,,819.2511303,1638.502261,N,0,N,N,0,0,0,N,
3389037502,,991.0820918,0,N,0,N,N,0,0,0,N,
3390311896,,564.6975784,1694.092735,N,0,N,N,0,0,0,N,
3390408118,,869.7825668,5218.695401,N,0,N,N,0,0,0,N,
3390421922,,226.3208575,4526.41715,N,0,N,N,0,0,0,N,
3391137811,,757.6708984,10607.39258,N,1,N,N,0,0,0,N,
3392483844,,810.3804191,18638.74964,N,0,N,N,0,0,0,N,
3392901760,,948.2604521,27499.55311,N,0,Y,N,0,0,0,N,
3393045253,,33.32058923,966.2970877,N,0,N,N,0,0,0,N,
3393235177,,765.1056955,6120.845564,N,0,N,N,0,0,0,N,
3394443999,,139.5080885,418.5242655,N,3,N,N,0,0,0,N,
3395034027,,753.3895864,11300.8438,N,0,N,N,712,638,5,N,
3396089333,,904.0919615,18081.83923,N,0,N,N,0,0,0,N,
3396563973,,480.3256876,1440.977063,N,0,N,N,0,0,0,N,
3396727901,,575.8866276,9214.186042,N,3,N,N,0,0,0,N,
3399674481,,536.6174844,2683.087422,N,0,Y,N,0,0,0,N,
3400217521,,635.925998,6995.185978,N,0,N,N,0,0,0,N,
3401041254,,945.80618,27428.37922,N,0,N,N,0,0,0,N,
3401072583,,893.6900118,2681.070035,N,2,N,N,0,0,0,N,
3401445241,,772.8766219,10047.39608,N,0,N,N,0,0,0,N,
3401878013,,463.3194612,11119.66707,N,0,N,N,0,0,0,N,
3403918452,,334.0842075,0,N,2,N,N,923,267,5,N,
3405895343,,372.5387616,5215.542662,N,0,N,N,0,0,0,N,
3406168428,,587.8233202,11756.4664,N,3,Y,N,0,0,0,N,
3406913277,,976.8788131,12699.42457,N,6,N,N,0,0,0,N,
3406925116,,761.9929718,16763.84538,N,0,N,N,0,0,0,N,
3409044326,,417.6075211,10022.58051,N,0,Y,N,0,0,0,N,
3409095418,,908.6468831,7269.175065,N,0,N,N,0,0,0,N,
3409260594,,152.2503117,913.5018702,N,0,N,N,0,0,0,N,
3411546968,,577.8632006,4622.905605,N,1,Y,N,0,0,0,N,
3412458375,,325.8021309,6841.844749,N,0,N,N,0,0,0,N,
3413554900,,880.9632491,21143.11798,N,4,N,N,0,0,0,N,
3414287941,,222.8070521,0,N,0,N,N,0,0,0,N,
3416522311,,917.531656,4587.65828,N,0,N,N,0,0,0,N,
3417285699,,319.01937,7018.42614,N,0,N,N,0,0,0,N,
3418158556,,419.0199194,3771.179275,N,0,N,N,0,0,0,N,
3419080002,,896.5871669,19724.91767,N,0,N,N,0,0,0,N,
3419693206,,817.2087569,9806.505083,N,0,N,N,0,0,0,N,
3420501022,,649.5528983,12341.50507,N,0,N,N,0,0,0,N,
3420560059,,938.7780716,26285.786,N,3,Y,N,0,0,0,N,
3422472079,,900.036479,27001.09437,N,1,N,N,0,0,0,N,
3422768759,,315.976275,947.928825,N,0,Y,N,0,0,0,N,
3423976232,,782.086019,14859.63436,N,0,N,N,0,0,0,N,
3425665457,,394.0524621,6698.891856,N,0,N,N,0,0,0,N,
3426603333,,556.1020834,11678.14375,N,0,N,N,0,0,0,N,
3426923173,,710.0134924,14910.28334,N,0,Y,N,0,0,0,N,
3432025717,,870.6814562,9577.496018,N,0,N,N,0,0,0,N,
3433367068,,751.7596085,12028.15374,N,0,N,N,0,0,0,N,
3434958979,,674.5685349,20237.05605,N,0,N,N,0,0,0,N,
3436535040,,245.3440109,1717.408076,N,0,N,N,0,0,0,N,
3439089244,,116.2161332,929.7290656,N,0,N,N,0,0,0,N,
3441115676,,962.8074737,26958.60926,N,0,N,N,0,0,0,N,
3444008590,,755.0230242,16610.50653,N,0,N,N,0,0,0,N,
3444574612,,67.69839344,676.9839344,N,6,N,N,0,0,0,N,
3450450657,,609.1754966,1218.350993,N,0,N,N,0,0,0,N,
3454656550,,879.8399926,0,N,0,Y,N,0,0,0,N,
3456680998,,744.439535,20844.30698,N,0,N,N,0,0,0,N,
3456739646,,174.5748193,0,N,0,N,N,0,0,0,N,
3457182263,,561.8878553,15732.85995,N,0,N,N,0,0,0,N,
3457793169,,255.2412689,2041.930151,N,0,N,N,0,0,0,N,
3458102286,,480.7311598,6730.236237,N,0,N,N,0,0,0,N,
3459461025,,933.6599343,3734.639737,N,0,N,N,0,0,0,N,
3459826071,,114.8077308,1607.308231,N,0,N,N,0,0,0,N,
3466513147,,982.5476097,4912.738049,N,0,N,N,0,0,0,N,
3469733087,,435.9134916,4359.134916,N,0,N,N,0,0,0,N,
3469801806,,226.8339896,453.6679792,N,0,N,N,0,0,0,N,
3470036109,,271.2274609,1356.137305,N,0,N,N,0,0,0,N,
3470420389,,327.5072453,7860.173887,N,0,N,N,0,0,0,N,
3473277510,,736.8517692,13263.33185,N,0,N,N,0,0,0,N,
3474413225,,567.4378159,6241.815975,N,6,N,N,0,0,0,N,
3475849004,,993.317349,13906.44289,N,0,N,N,0,0,0,N,
3475935285,,400.4562388,800.9124776,N,0,N,N,0,0,0,N,
3479876243,,678.9127188,6110.214469,N,0,N,N,0,0,0,N,
3480678455,,533.8960656,4271.168525,N,0,N,N,0,0,0,N,
3481118585,,732.522185,12452.87715,N,0,N,N,0,0,0,N,
3481901056,,259.4495207,2853.944728,N,0,N,N,0,0,0,N,
3482015123,,887.7929168,15092.47959,N,0,N,N,0,0,0,N,
3482027814,,673.7871805,16170.89233,N,0,N,N,0,0,0,N,
3482372454,,592.772034,7706.036442,N,0,N,N,0,0,0,N,
3483261554,,659.8070713,19134.40507,N,0,N,N,0,0,0,N,
3483773246,,502.8393651,4525.554286,N,2,N,N,0,0,0,N,
3484573869,,540.9795433,3245.87726,N,0,N,N,0,0,0,N,
3484615286,,90.01274555,2070.293148,N,0,N,N,0,0,0,N,
3488297673,,153.7511235,615.004494,N,0,N,N,0,0,0,N,
3489307761,,184.4780964,5349.864796,N,0,N,N,0,0,0,N,
3489590587,,741.5584216,1483.116843,N,0,N,N,0,0,0,N,
3489678612,,535.0000484,10165.00092,N,0,N,N,0,0,0,N,
3490791034,,276.7648962,4428.238339,N,2,N,N,0,0,0,N,
3491083090,,535.6385501,8034.578252,N,0,N,N,0,0,0,N,
3491505286,,143.831833,3595.795825,N,0,N,N,0,0,0,N,
3491557751,,645.2165927,10968.68208,N,0,N,N,0,0,0,N,
3493976559,,221.53988,3987.71784,N,0,N,N,0,0,0,N,
3496464197,,295.7822414,4732.515862,N,0,N,N,0,0,0,N,
3498263337,,807.8373395,16964.58413,N,0,Y,N,0,0,0,N,
3499087362,,731.9780894,13907.5837,N,0,Y,N,0,0,0,N,
3499488049,,299.1148076,7776.984998,N,0,N,N,0,0,0,N,
3499689294,,368.4336312,8105.539886,N,0,N,N,0,0,0,N,
3500328343,,746.3343732,21643.69682,N,0,N,N,0,0,0,N,
3501885583,,581.3095268,11044.88101,N,0,N,N,0,0,0,N,
3505803066,,413.8841481,9933.219554,N,3,N,N,0,0,0,N,
3507404802,,653.4400849,6534.400849,N,0,Y,N,0,0,0,N,
3508386391,,551.3288488,13783.22122,N,0,Y,N,0,0,0,N,
3508392910,,588.821206,1766.463618,N,0,Y,N,0,0,0,N,
3510594343,,698.0108159,6282.097343,N,0,Y,N,0,0,0,N,
3511712407,,619.7705306,10536.09902,N,0,N,N,0,0,0,N,
3514946201,,168.1831738,4204.579345,N,5,N,N,0,0,0,N,
3515458871,,931.7107901,7453.686321,N,0,N,N,946,242,4,N,
3515534397,,596.3886428,10734.99557,N,0,N,N,0,0,0,N,
3516097910,,975.2536165,21455.57956,N,0,N,N,0,0,0,N,
3516508833,,350.1571551,9104.086033,N,3,N,N,0,0,0,N,
3516805332,,425.6565945,1702.626378,N,0,N,N,0,0,0,N,
3517947519,,24.61433519,443.0580334,N,0,N,N,0,0,0,N,
3518189460,,884.5431496,0,N,0,N,N,0,0,0,N,
3518236039,,885.7841967,15058.33134,N,3,Y,N,0,0,0,N,
3518422544,,966.6480189,27066.14453,N,0,N,N,0,0,0,N,
3518784657,,154.5972464,1545.972464,N,0,N,N,0,0,0,N,
3519472772,,628.7312042,18861.93613,N,0,N,N,0,0,0,N,
3519486219,,596.4622689,13718.63218,N,0,N,N,0,0,0,N,
3521648616,,541.1007341,15150.82055,N,1,N,N,0,0,0,N,
3522325752,,602.1745806,5419.571225,N,0,N,N,0,0,0,N,
3527412600,,143.7397219,431.2191657,N,0,N,N,0,0,0,N,
3531995557,,835.164541,22549.44261,N,0,N,N,0,0,0,N,
3535300409,,218.2719168,1527.903418,N,0,N,N,0,0,0,N,
3535357836,,210.4549194,4419.553307,N,0,N,N,0,0,0,N,
3536978368,,366.0303963,1464.121585,N,0,N,N,0,0,0,N,
3538500518,,480.9564776,6252.434209,N,0,N,N,0,0,0,N,
3539473672,,524.1820479,4193.456383,N,0,N,N,0,0,0,N,
3540314065,,209.7750891,4405.276871,N,0,Y,N,0,0,0,N,
3540872906,,230.9225454,5080.295999,N,0,N,N,0,0,0,N,
3543390736,,292.3802799,2631.422519,N,0,N,N,0,0,0,N,
3548719208,,514.3955851,2057.58234,N,0,Y,N,0,0,0,N,
3551084045,,400.2530028,5603.542039,N,0,N,N,0,0,0,N,
3551342299,,514.5016284,2572.508142,N,0,N,N,0,0,0,N,
3551695659,,978.9778628,13705.69008,N,0,N,N,0,0,0,N,
3552394097,,356.0531442,1068.159433,N,0,N,N,0,0,0,N,
3552859408,,869.2319171,3476.927668,N,0,Y,N,0,0,0,N,
3553696100,,516.8412666,14471.55546,N,0,N,N,0,0,0,N,
3553702381,,599.6688385,7795.694901,N,3,N,N,0,0,0,N,
3553896680,,356.4103817,8910.259543,N,0,N,N,0,0,0,N,
3556739004,,748.4508721,7484.508721,N,0,N,N,0,0,0,N,
3557818586,,285.9133049,5432.352793,N,0,N,N,0,0,0,N,
3559232671,,650.6815211,16917.71955,N,5,N,N,0,0,0,N,
3559739048,,302.6994428,4540.491642,N,0,N,N,0,0,0,N,
3562603242,,348.9421299,6629.900468,N,0,N,N,0,0,0,N,
3565697089,,233.6998825,3271.798355,N,1,N,N,0,0,0,N,
3567225316,,799.2352664,5594.646865,N,0,Y,N,0,0,0,N,
3568227646,,573.2610841,1146.522168,N,0,N,N,0,0,0,N,
3568567942,,692.9511304,11087.21809,N,0,N,N,0,0,0,N,
3568848026,,861.7200846,1723.440169,N,0,N,N,0,0,0,N,
3569707046,,185.0323486,1295.22644,N,3,N,N,435,346,9,N,
3570312802,,778.9939438,10905.91521,N,0,N,N,0,0,0,N,
3572165186,,268.6039835,5372.07967,N,0,N,N,0,0,0,N,
3576609711,,206.9367032,5794.22769,N,0,N,N,992,975,5,N,
3579409275,,395.5145875,0,N,0,Y,N,0,0,0,N,
3581339014,,552.6568182,0,N,0,N,N,0,0,0,N,
3581393535,,590.1536992,1180.307398,N,0,N,N,0,0,0,N,
3581554883,,954.0631233,23851.57808,N,0,N,N,0,0,0,N,
3581611981,,452.5488594,5430.586313,N,0,N,N,0,0,0,N,
3581842005,,269.7692987,2427.923688,N,0,N,N,0,0,0,N,
3582877117,,488.9997194,488.9997194,N,0,N,N,0,0,0,N,
3583430505,,819.390729,20484.76823,N,0,N,N,0,0,0,N,
3584037717,,984.5235964,26582.1371,N,2,N,N,914,719,5,N,
3584372064,,207.3242988,5183.10747,N,3,N,N,0,0,0,N,
3584920170,,865.6765051,12119.47107,N,0,N,N,0,0,0,N,
3587111798,,428.7149143,3858.434229,N,0,N,N,0,0,0,N,
3589338723,,744.476896,2233.430688,N,0,Y,N,0,0,0,N,
3589352375,,484.5259883,8236.941801,N,6,N,N,0,0,0,N,
3591169587,,870.9886458,10451.86375,N,0,N,N,0,0,0,N,
3592066133,,918.6812021,4593.406011,N,0,N,N,0,0,0,N,
3595135291,,409.7558817,7785.361752,N,0,N,N,0,0,0,N,
3595429127,,504.6446743,15139.34023,N,0,N,N,0,0,0,N,
3596953390,,221.6204952,6426.994361,N,0,N,N,0,0,0,N,
3597840001,,975.2356757,6826.64973,N,0,N,N,0,0,0,N,
3598283335,,106.363069,2871.802863,N,0,N,N,0,0,0,N,
3598667002,,576.8975236,11537.95047,N,0,Y,N,0,0,0,N,
3600685674,,299.0017596,6578.038711,N,0,N,N,0,0,0,N,
3600781509,,313.4224327,1567.112164,N,0,N,N,0,0,0,N,
3602850906,,891.109389,25842.17228,N,0,N,N,0,0,0,N,
3604056060,,734.5007466,15424.51568,N,6,N,N,0,0,0,N,
3606558690,,993.734603,6956.142221,N,0,N,N,0,0,0,N,
3608676640,,486.7195137,8760.951247,N,0,N,N,0,0,0,N,
3608832053,,744.8665475,11172.99821,N,0,N,N,0,0,0,N,
3609537995,,971.4335585,14571.50338,N,0,Y,N,0,0,0,N,
3609627958,,983.3165585,25566.23052,N,0,N,N,937,473,2,N,
3611209181,,206.10803,1030.54015,N,0,N,N,0,0,0,N,
3611436503,,423.1782568,10579.45642,N,0,N,N,0,0,0,N,
3613369246,,463.3685021,13437.68656,N,0,Y,N,0,0,0,N,
3613914338,,946.6120554,21772.07727,N,0,N,N,0,0,0,N,
3614959069,,765.5377846,21435.05797,N,0,N,N,0,0,0,N,
3616173485,,838.8031795,838.8031795,N,0,N,N,0,0,0,N,
3616518993,,825.3938393,20634.84598,N,0,N,N,0,0,0,N,
3618666797,,628.8589918,6288.589918,N,0,N,N,0,0,0,N,
3620451052,,624.7182738,1249.436548,N,0,N,N,0,0,0,N,
3622219417,,371.7361801,6319.515062,N,0,N,N,0,0,0,N,
3622897210,,775.6426744,23269.28023,N,0,N,N,0,0,0,N,
3626875653,,954.2404197,10496.64462,N,2,N,N,0,0,0,N,
3628159967,,355.2746399,8526.591358,N,0,N,N,0,0,0,N,
3631838831,,402.476241,1609.904964,N,0,N,N,0,0,0,N,
3632098158,,261.4292863,2091.43429,N,0,N,N,0,0,0,N,
3634250878,,660.0832143,0,N,1,Y,N,0,0,0,N,
3634909182,,600.5783542,4204.048479,N,0,N,N,0,0,0,N,
3635023073,,392.5302345,2747.711642,N,0,Y,N,0,0,0,N,
3635454329,,491.4858425,2948.915055,N,0,N,N,0,0,0,N,
3636177004,,313.6576982,5018.523171,N,0,Y,N,0,0,0,N,
3637706677,,515.0148265,13905.40032,N,0,N,N,0,0,0,N,
3638878615,,712.7100812,10690.65122,N,0,N,N,0,0,0,N,
3639888440,,52.8857532,158.6572596,N,0,N,N,0,0,0,N,
3644488478,,541.4975899,15703.43011,N,0,N,N,0,0,0,N,
3646878488,,786.4843854,5505.390698,N,0,N,N,0,0,0,N,
3646890136,,314.1968567,2199.377997,N,0,Y,N,0,0,0,N,
3649263911,,846.0664459,21997.72759,N,0,N,N,0,0,0,N,
3650364777,,227.9131563,1823.30525,N,0,N,N,0,0,0,N,
3650732830,,853.5837651,1707.16753,N,0,N,N,0,0,0,N,
3651916813,,755.5034884,6799.531396,N,6,N,N,0,0,0,N,
3652480301,,743.6344504,17103.59236,N,0,N,N,0,0,0,N,
3652909999,,435.8767684,1743.507074,N,0,N,N,0,0,0,N,
3658323901,,705.911185,9882.75659,N,0,N,N,0,0,0,N,
3658809107,,988.0672745,13832.94184,N,0,N,N,0,0,0,N,
3660144651,,931.2138503,3724.855401,N,0,N,N,0,0,0,N,
3662226171,,245.5154513,3928.247221,N,0,N,N,0,0,0,N,
3663158118,,247.6550148,7429.650444,N,0,N,N,0,0,0,N,
3668076095,,881.0773248,10572.9279,N,0,N,N,0,0,0,N,
3669527781,,550.4146843,14310.78179,N,0,N,N,0,0,0,N,
3669567925,,602.3405269,16865.53475,N,0,N,N,0,0,0,N,
3669591416,,914.1891189,10970.26943,N,0,Y,N,0,0,0,N,
3671190139,,662.3495406,2649.398162,N,1,Y,N,0,0,0,N,
3674935143,,833.3532805,23333.89185,N,2,Y,N,0,0,0,N,
3675302818,,535.8868722,7502.416211,N,1,N,N,0,0,0,N,
3676078129,,814.1956054,17098.10771,N,0,N,N,0,0,0,N,
3678951139,,828.3151135,23192.82318,N,0,Y,N,0,0,0,N,
3684775236,,605.5981422,3027.990711,N,0,N,N,0,0,0,N,
3685379831,,35.04904342,981.3732158,N,0,N,N,0,0,0,N,
3685418050,,419.5619303,10489.04826,N,0,N,N,0,0,0,N,
3692503266,,211.1791851,633.5375553,N,0,N,N,0,0,0,N,
3693280007,,703.0219452,16169.50474,N,0,N,N,0,0,0,N,
3693537296,,699.9841384,12599.71449,N,1,N,N,0,0,0,N,
3694077083,,309.0951308,4945.522093,N,2,Y,N,0,0,0,N,
3698051431,,746.9894161,0,N,0,Y,N,0,0,0,N,
3701023477,,407.7602189,11417.28613,N,0,N,N,0,0,0,N,
3702226634,,253.9655417,2031.724334,N,0,N,N,0,0,0,N,
3704833774,,503.9091447,0,N,0,N,N,0,0,0,N,
3707149502,,819.4789443,9014.268387,N,0,N,N,0,0,0,N,
3708167132,,124.7533989,748.5203934,N,0,N,N,0,0,0,N,
3708469594,,901.5045824,10818.05499,N,0,N,N,0,0,0,N,
3708889491,,389.5537416,3116.429933,N,6,N,N,0,0,0,N,
3712792482,,79.71701187,1275.47219,N,0,N,N,0,0,0,N,
3714377023,,474.1123426,0,N,0,N,N,0,0,0,N,
3714469580,,602.1152676,15052.88169,N,0,N,N,0,0,0,N,
3714929449,,495.7634253,0,N,0,N,N,942,843,1,N,
3715363485,,629.8197898,629.8197898,N,0,Y,N,0,0,0,N,
3715986505,,545.6993816,4365.595053,N,0,N,N,0,0,0,N,
3716861385,,874.0810164,16607.53931,N,6,Y,N,0,0,0,N,
3717332618,,578.2834626,578.2834626,N,0,Y,N,0,0,0,N,
3719419524,,896.7453909,4483.726955,N,0,N,N,0,0,0,N,
3719466512,,683.8202526,5470.562021,N,0,N,N,0,0,0,N,
3722133584,,538.9531178,11318.01547,N,6,N,N,0,0,0,N,
3722770866,,627.6328189,15690.82047,N,0,N,N,0,0,0,N,
3723219248,,487.4106254,9260.801883,N,0,Y,N,0,0,0,N,
3723499820,,440.2191503,4842.410653,N,0,N,N,0,0,0,N,
3724965486,,459.384422,2296.92211,N,0,Y,N,0,0,0,N,
3726435993,,602.8981449,3617.388869,N,0,N,N,0,0,0,N,
3731079653,,438.9596391,8779.192782,N,1,N,N,0,0,0,N,
3732340651,,716.4446716,21493.34015,N,0,N,N,0,0,0,N,
3733178718,,465.0166178,4650.166178,N,0,N,N,0,0,0,N,
3733684328,,682.725703,3413.628515,N,0,N,N,0,0,0,N,
3733812221,,223.6510032,0,N,0,N,N,0,0,0,N,
3733913655,,477.0149741,7632.239586,N,0,N,N,0,0,0,N,
3734041065,,684.0287684,13680.57537,N,0,Y,N,0,0,0,N,
3737637735,,622.1654905,0,N,0,N,N,0,0,0,N,
3739346624,,935.1886516,19638.96168,N,0,N,N,0,0,0,N,
3743616647,,406.2528695,10156.32174,N,0,N,N,0,0,0,N,
3744543082,,629.7928216,14485.2349,N,0,N,N,0,0,0,N,
3744723486,,744.1241425,22323.72428,N,0,N,N,0,0,0,N,
3746750530,,669.5612739,6026.051465,N,0,N,N,0,0,0,N,
3748646082,,939.583394,939.583394,N,0,N,N,0,0,0,N,
3748967456,,718.5289043,12933.52028,N,0,N,N,0,0,0,N,
3753168362,,866.8008388,14735.61426,N,0,N,N,0,0,0,N,
3753572882,,104.4619722,417.8478888,N,0,N,N,0,0,0,N,
3754783798,,660.3795958,5283.036766,N,0,N,N,0,0,0,N,
3755892531,,458.5856024,12381.81126,N,0,N,N,0,0,0,N,
3757168855,,391.4067023,391.4067023,N,0,N,N,0,0,0,N,
3757180542,,386.5830825,11597.49248,N,0,N,N,0,0,0,N,
3758247756,,548.0122911,9864.22124,N,0,N,N,0,0,0,N,
3758300746,,627.5321121,11923.11013,N,0,Y,N,0,0,0,N,
3758384645,,981.7298375,17671.13708,N,0,N,N,0,0,0,N,
3760252470,,992.9764068,13901.6697,N,4,N,N,0,0,0,N,
3760349148,,260.0057337,5200.114674,N,0,N,N,0,0,0,N,
3766710393,,644.1259832,4508.881882,N,0,N,N,0,0,0,N,
3768949196,,422.614362,5071.372344,N,0,N,N,0,0,0,N,
3769129330,,903.8847223,13558.27083,N,0,N,N,0,0,0,N,
3769223968,,770.8186889,18499.64853,N,0,N,N,0,0,0,N,
3772445997,,931.1171444,7448.937155,N,0,N,N,0,0,0,N,
3773720479,,172.0351479,1720.351479,N,0,Y,N,0,0,0,N,
3774542057,,200.2843398,5607.961514,N,0,N,N,0,0,0,N,
3774763666,,84.18846851,589.3192796,N,4,N,N,0,0,0,N,
3775377628,,412.6405528,6602.248845,N,2,N,N,0,0,0,N,
3779199839,,578.2513055,5204.26175,N,0,N,N,0,0,0,N,
3781821220,,795.9126882,20693.72989,N,3,N,N,0,0,0,N,
3782068019,,593.6272255,16027.93509,N,0,N,N,0,0,0,N,
3788537411,,234.4246068,6798.313597,N,0,N,N,0,0,0,N,
3792103032,,254.9159716,6882.731233,N,0,N,N,0,0,0,N,
3792474266,,997.6217307,8978.595576,N,4,N,N,0,0,0,N,
3793900430,,247.3165847,7419.497541,N,0,N,N,0,0,0,N,
3794492807,,32.72000474,523.5200758,N,0,N,N,0,0,0,N,
3798022882,,519.2845487,9347.121877,N,3,N,N,0,0,0,N,
3804630024,,900.7063168,6304.944218,N,0,N,N,0,0,0,N,
3805446760,,898.1056593,4490.528297,N,0,N,N,0,0,0,N,
3808008068,,866.068007,6062.476049,N,5,N,N,0,0,0,N,
3809569149,,292.0606699,2920.606699,N,1,N,N,0,0,0,N,
3810841480,,296.3706656,8298.378637,N,0,N,N,0,0,0,N,
3811465718,,620.0755269,5580.679742,N,0,N,N,0,0,0,N,
3813563637,,992.8358237,10921.19406,N,0,N,N,260,102,2,N,
3815293880,,123.1615742,1354.777316,N,0,N,N,0,0,0,N,
3815423940,,399.1900348,0,N,0,N,N,0,0,0,N,
3815698527,,765.5517243,21435.44828,N,0,N,N,0,0,0,N,
3816004490,,306.2600404,7350.24097,N,0,Y,N,0,0,0,N,
3817747404,,791.9249215,2375.774765,N,0,Y,N,0,0,0,N,
3818895517,,527.4927817,2637.463909,N,0,N,N,0,0,0,N,
3819564866,,656.3685964,18378.3207,N,0,N,N,0,0,0,N,
3819709978,,175.9426771,1231.59874,N,0,N,N,0,0,0,N,
3821456401,,764.0368711,6112.294969,N,0,Y,N,0,0,0,N,
3821685967,,862.508324,21562.7081,N,0,N,N,0,0,0,N,
3822669297,,527.5805358,14772.255,N,0,N,N,0,0,0,N,
3822728355,,525.1491252,11553.28075,N,0,N,N,0,0,0,N,
3823452816,,523.3362839,10466.72568,N,0,N,N,0,0,0,N,
3823580013,,296.3328,0,N,0,Y,N,0,0,0,N,
3825656302,,231.9708069,2783.649683,N,0,N,N,0,0,0,N,
3827739049,,615.4655337,6770.120871,N,0,N,N,0,0,0,N,
3829134200,,718.5071139,10059.09959,N,0,N,N,0,0,0,N,
3829150944,,938.1873711,7505.498969,N,0,N,N,0,0,0,N,
3831714030,,681.8152601,12954.48994,N,0,N,N,0,0,0,N,
3832343281,,62.46266579,874.4773211,N,0,N,N,0,0,0,N,
3835659842,,65.74840168,1183.47123,N,0,N,N,714,706,2,N,
3840303535,,365.1333623,10588.86751,N,0,N,N,0,0,0,N,
3841498691,,166.9837815,166.9837815,N,0,N,N,0,0,0,N,
3843922940,,203.7188665,2444.626398,N,4,N,N,998,909,2,N,
3844294109,,146.4119144,3074.650202,N,0,N,N,0,0,0,N,
3844382018,,376.1595798,7523.191596,N,0,N,N,0,0,0,N,
3845584393,,206.8344243,3723.019637,N,6,N,N,0,0,0,N,
3845884657,,527.9947945,13727.86466,N,0,N,N,0,0,0,N,
3846730100,,912.1798465,17331.41708,N,0,N,N,0,0,0,N,
3847854033,,888.4147352,21321.95364,N,4,N,N,0,0,0,N,
3850822236,,310.8060209,7459.344502,N,0,N,N,0,0,0,N,
3850844318,,117.4985881,1292.484469,N,0,N,N,0,0,0,N,
3850853150,,631.0426792,4417.298754,N,0,N,N,0,0,0,N,
3850921556,,98.8178528,2668.082026,N,0,N,N,0,0,0,N,
3852087919,,566.5202995,16995.60899,N,0,N,N,0,0,0,N,
3852937700,,129.298287,2844.562314,N,0,N,N,0,0,0,N,
3854309964,,200.5866506,601.7599518,N,0,N,N,0,0,0,N,
3854796168,,289.7171796,3766.323335,N,0,N,N,0,0,0,N,
3855319715,,992.7498098,17869.49658,N,1,N,N,0,0,0,N,
3856401711,,540.9996818,12442.99268,N,0,Y,N,0,0,0,N,
3856990818,,314.0772256,3768.926707,N,0,N,N,0,0,0,N,
3857738576,,854.1766719,20500.24013,N,0,N,N,0,0,0,N,
3860560237,,279.9164251,2239.331401,N,0,N,N,0,0,0,N,
3860701409,,40.85319545,367.6787591,N,0,N,N,0,0,0,N,
3862020693,,865.5540299,20773.29672,N,2,N,N,0,0,0,N,
3862773857,,529.6572068,7415.200895,N,0,N,N,0,0,0,N,
3863457693,,213.5880344,0,N,0,N,N,0,0,0,N,
3863958627,,306.6302428,306.6302428,N,0,Y,N,0,0,0,N,
3865195005,,10.13506361,212.8363358,N,0,N,N,0,0,0,N,
3866401217,,952.2256378,12378.93329,N,0,N,N,0,0,0,N,
3868650570,,17.78054896,444.513724,N,0,N,N,0,0,0,N,
3869917954,,860.4399776,11185.71971,N,0,Y,N,0,0,0,N,
3870243310,,771.5095964,21602.2687,N,0,N,N,998,998,5,N,
3870997193,,846.8021176,22016.85506,N,0,N,N,0,0,0,N,
3872083130,,643.6216772,1287.243354,N,0,N,N,0,0,0,N,
3873535694,,391.9220009,11365.73803,N,1,N,N,0,0,0,N,
3875442012,,152.1042399,2585.772078,N,0,Y,N,0,0,0,N,
3875651104,,537.2434943,15580.06133,N,0,Y,N,0,0,0,N,
3875736019,,335.9331277,5038.996916,N,0,N,N,0,0,0,N,
3876477306,,70.67558917,848.10707,N,0,N,N,0,0,0,N,
3877890732,,98.47865958,492.3932979,N,0,Y,N,0,0,0,N,
3881405281,,232.9634214,6057.048956,N,5,N,N,0,0,0,N,
3881707989,,873.5116077,24458.32502,N,0,N,N,0,0,0,N,
3883744513,,102.6990951,2464.778282,N,0,N,N,0,0,0,N,
3884128397,,631.3324317,18308.64052,N,0,N,N,0,0,0,N,
3884248311,,966.1965966,3864.786386,N,0,N,N,0,0,0,N,
3884981946,,683.7534873,5470.027898,N,0,N,N,0,0,0,N,
3885244030,,350.7991929,8769.979823,N,0,N,N,0,0,0,N,
3886416675,,250.8916656,0,N,0,N,N,0,0,0,N,
3888498894,,412.7377337,11969.39428,N,0,N,N,0,0,0,N,
3889356901,,411.9448641,5355.283233,N,0,N,N,0,0,0,N,
3889457104,,225.9983545,3615.973672,N,0,N,N,0,0,0,N,
3889639325,,472.2439703,472.2439703,N,0,N,N,0,0,0,N,
3889665134,,613.2091268,4905.673014,N,0,N,N,0,0,0,N,
3891197216,,497.1805126,11932.3323,N,1,N,N,0,0,0,N,
3891228978,,409.4843345,1637.937338,N,0,Y,N,0,0,0,N,
3892328207,,39.77823661,716.008259,N,0,Y,N,0,0,0,N,
3892666722,,987.8902484,18769.91472,N,0,N,N,0,0,0,N,
3892945658,,501.2647389,8521.500561,N,0,N,N,0,0,0,N,
3896030736,,812.1777179,8933.954897,N,2,N,N,0,0,0,N,
3896906666,,530.7618268,3184.570961,N,0,N,N,0,0,0,N,
3900952232,,523.0975482,6277.170578,N,0,N,N,0,0,0,N,
3901228232,,493.8413954,5926.096745,N,0,N,N,0,0,0,N,
3901580295,,51.45765132,463.1188619,N,0,N,N,0,0,0,N,
3905864145,,533.8957892,533.8957892,N,0,Y,N,0,0,0,N,
3908336478,,308.8789098,926.6367294,N,0,Y,N,0,0,0,N,
3908656072,,664.1686305,14611.70987,N,6,N,N,0,0,0,N,
3908796783,,501.2381465,5513.619612,N,0,N,N,0,0,0,N,
3911427727,,713.5427075,9276.055198,N,0,N,N,0,0,0,N,
3911799264,,984.0674846,13776.94478,N,1,N,N,0,0,0,N,
3912232078,,783.45947,3133.83788,N,0,N,N,0,0,0,N,
3913164374,,310.0229388,7440.550531,N,1,N,N,0,0,0,N,
3913678770,,21.52201828,559.5724753,N,0,N,N,0,0,0,N,
3913883048,,534.0265611,11748.58434,N,0,N,N,0,0,0,N,
3915217260,,47.28350856,1276.654731,N,0,N,N,0,0,0,N,
3915247881,,469.8180639,11745.4516,N,0,N,N,0,0,0,N,
3917488020,,164.6135871,164.6135871,N,0,N,N,0,0,0,N,
3917890373,,930.4314472,27912.94342,N,0,N,N,0,0,0,N,
3918390727,,718.558913,11496.94261,N,0,N,N,0,0,0,N,
3919160758,,936.9469152,936.9469152,N,0,N,N,0,0,0,N,
3920022081,,435.4489871,5225.387845,N,0,N,N,0,0,0,N,
3920616594,,385.5979448,6940.763006,N,0,N,N,0,0,0,N,
3922163934,,413.7246698,6619.594717,N,0,N,N,0,0,0,N,
3922954963,,464.9235673,2324.617837,N,0,N,N,0,0,0,N,
3923552962,,152.7989338,1527.989338,N,0,N,N,0,0,0,N,
3923664582,,869.7311365,2609.19341,N,6,N,N,0,0,0,N,
3924262934,,424.3075808,9334.766778,N,0,N,N,0,0,0,N,
3925045990,,102.7535061,1746.809604,N,2,N,N,0,0,0,N,
3925963652,,380.151067,4561.812804,N,0,N,N,0,0,0,N,
3926519401,,228.9770447,228.9770447,N,0,Y,N,0,0,0,N,
3928093462,,186.8883948,0,N,0,N,N,0,0,0,N,
3928927967,,86.3135636,776.8220724,N,2,N,N,0,0,0,N,
3929585791,,149.0483188,2682.869738,N,3,N,N,0,0,0,N,
3930124249,,62.22177101,1368.878962,N,0,N,N,0,0,0,N,
3930625457,,671.2096235,14766.61172,N,5,N,N,0,0,0,N,
3931307365,,491.0186802,8347.317563,N,0,N,N,0,0,0,N,
3931533472,,994.1711113,0,N,0,N,N,0,0,0,N,
3932883691,,645.07165,18062.0062,N,0,Y,N,0,0,0,N,
3933155977,,417.0427642,2919.299349,N,0,N,N,0,0,0,N,
3935020092,,568.7886679,5119.098011,N,0,N,N,0,0,0,N,
3937101765,,196.2136479,5297.768493,N,0,N,N,0,0,0,N,
3939207631,,965.2433657,17374.38058,N,0,Y,N,0,0,0,N,
3939574366,,346.2256318,346.2256318,N,0,N,N,0,0,0,N,
3940304695,,100.7469885,2417.927724,N,0,Y,N,0,0,0,N,
3941465381,,861.0102791,5166.061675,N,0,N,N,0,0,0,N,
3942446683,,961.4787821,11537.74539,N,6,N,N,0,0,0,N,
3942757524,,151.5412132,1666.953345,N,0,N,N,0,0,0,N,
3943474211,,218.107283,3271.609245,N,6,N,N,0,0,0,N,
3944812242,,152.9526931,1529.526931,N,0,N,N,0,0,0,N,
3949361319,,665.5853612,5324.68289,N,0,N,N,0,0,0,N,
3949764482,,648.8878082,3893.326849,N,0,N,N,0,0,0,N,
3951405904,,770.6434466,10789.00825,N,0,Y,N,0,0,0,N,
3952805008,,781.9515906,14075.12863,N,0,N,N,0,0,0,N,
3953059579,,104.6369234,2302.012315,N,0,N,N,0,0,0,N,
3953235974,,214.2782276,3857.008097,N,0,N,N,0,0,0,N,
3953363100,,23.60243627,0,N,0,N,N,0,0,0,N,
3954144552,,642.6249223,14780.37321,N,0,N,N,718,175,5,N,
3954523507,,851.2575795,5107.545477,N,6,N,N,0,0,0,N,
3956004722,,119.3069239,2982.673098,N,0,N,N,0,0,0,N,
3961376797,,310.5582843,4037.257696,N,1,N,N,0,0,0,N,
3963943210,,110.007624,2640.182976,N,0,N,N,0,0,0,N,
3964390673,,767.3412058,21485.55376,N,0,N,N,0,0,0,N,
3964826054,,686.8247506,17857.44352,N,0,Y,N,0,0,0,N,
3965319407,,357.2455622,9288.384617,N,0,N,N,0,0,0,N,
3965496444,,456.4103762,2282.051881,N,4,N,N,0,0,0,N,
3966147765,,355.6947319,4624.031515,N,0,N,N,0,0,0,N,
3969890180,,449.6412479,5845.336223,N,0,N,N,0,0,0,N,
3971515176,,803.7360184,3214.944074,N,0,Y,N,0,0,0,N,
3972755602,,79.22762322,2376.828697,N,0,N,N,0,0,0,N,
3972994790,,60.58778153,1575.28232,N,0,N,N,0,0,0,N,
3973086442,,934.5224073,14952.35852,N,0,N,N,0,0,0,N,
3973579189,,283.7282112,6809.477069,N,0,N,N,0,0,0,N,
3973699604,,71.69631664,1649.015283,N,0,N,N,0,0,0,N,
3975445799,,870.6978544,0,N,0,N,N,0,0,0,N,
3975821902,,828.4100331,1656.820066,N,0,N,N,0,0,0,N,
3977707812,,988.5677885,4942.838943,N,0,N,N,0,0,0,N,
3979301383,,967.536767,27091.02948,N,0,N,N,0,0,0,N,
3980028754,,77.48085986,697.3277387,N,0,N,N,0,0,0,N,
3980403053,,974.2055622,4871.027811,N,0,N,N,0,0,0,N,
3981178312,,334.0482992,6012.869386,N,6,N,N,0,0,0,N,
3982735801,,782.9735627,10178.65632,N,1,N,N,0,0,0,N,
3983445346,,868.6940641,13899.10503,N,0,N,N,0,0,0,N,
3986383377,,890.8021377,26724.06413,N,0,N,N,0,0,0,N,
3987699434,,240.5233089,6013.082723,N,0,N,N,0,0,0,N,
3990075107,,239.6170444,958.4681776,N,0,N,N,0,0,0,N,
3991804875,,902.3932677,18047.86535,N,0,N,N,0,0,0,N,
3992366567,,900.7780755,21618.67381,N,0,N,N,0,0,0,N,
3992368779,,938.9816626,10328.79829,N,0,N,N,0,0,0,N,
3995928910,,321.6215418,3537.83696,N,0,N,N,0,0,0,N,
3996627786,,209.8624028,1469.03682,N,0,Y,N,0,0,0,N,
3997559227,,971.2146688,4856.073344,N,0,N,N,0,0,0,N,
3998860637,,326.5310733,9142.870052,N,0,N,N,0,0,0,N,
4000709141,,634.608333,6346.08333,N,0,N,N,0,0,0,N,
4000762145,,888.4625494,24876.95138,N,0,N,N,0,0,0,N,
4002610502,,113.3466493,2606.972934,N,0,N,N,0,0,0,N,
4003888794,,723.8189798,723.8189798,N,0,Y,N,0,0,0,N,
4003902589,,787.3743977,19684.35994,N,0,N,N,0,0,0,N,
4003922670,,691.8998036,9686.59725,N,0,N,N,0,0,0,N,
4005759372,,878.2324089,14929.95095,N,0,N,N,0,0,0,N,
4006543160,,366.3829346,8426.807496,N,0,N,N,0,0,0,N,
4007124161,,202.2090186,2022.090186,N,0,N,N,0,0,0,N,
4007370647,,505.6010922,3539.207645,N,0,N,N,0,0,0,N,
4009534478,,765.1264699,20658.41469,N,0,N,N,0,0,0,N,
4010128740,,494.2425884,8896.366591,N,0,N,N,0,0,0,N,
4011604835,,79.55197475,954.623697,N,0,N,N,0,0,0,N,
4014500966,,912.3725339,23721.68588,N,2,N,N,0,0,0,N,
4014933651,,139.6437436,3072.162359,N,0,N,N,0,0,0,N,
4016078493,,67.969751,1631.274024,N,0,N,N,0,0,0,N,
4016371790,,303.8787079,303.8787079,N,0,N,N,0,0,0,N,
4020619832,,546.9941245,10939.88249,N,0,N,N,0,0,0,N,
4021575581,,489.2737983,8806.928369,N,1,N,N,0,0,0,N,
4023759175,,849.4673427,2548.402028,N,0,Y,N,0,0,0,N,
4025627949,,994.4646027,15911.43364,N,0,Y,N,0,0,0,N,
4026452800,,415.365899,5815.122586,N,0,Y,N,0,0,0,N,
4028436728,,904.350876,7234.807008,N,0,N,N,0,0,0,N,
4031049368,,53.99449379,809.9174069,N,0,N,N,0,0,0,N,
4033051787,,249.6092298,6489.839975,N,0,Y,N,0,0,0,N,
4034539813,,774.7047234,4648.22834,N,0,N,N,0,0,0,N,
4035113563,,979.5274801,0,N,0,N,N,0,0,0,N,
4036077867,,950.95113,16166.16921,N,0,N,N,0,0,0,N,
4037355501,,533.0267792,12259.61592,N,0,N,N,0,0,0,N,
4038322391,,15.61574905,343.5464791,N,0,N,N,0,0,0,N,
4039082720,,779.9998753,13259.99788,N,0,N,N,0,0,0,N,
4040105708,,260.0306239,3380.398111,N,0,N,N,0,0,0,N,
4040696204,,117.9639353,1651.495094,N,0,N,N,0,0,0,N,
4040741732,,331.306992,4969.60488,N,0,N,N,0,0,0,N,
4040797922,,361.4048619,1084.214586,N,1,N,N,0,0,0,N,
4041092874,,242.175129,5812.203096,N,5,N,N,0,0,0,N,
4041346403,,528.1646808,15316.77574,N,0,N,N,0,0,0,N,
4041525679,,951.6094128,16177.36002,N,0,N,N,0,0,0,N,
4041889902,,491.8025341,983.6050682,N,5,N,N,0,0,0,N,
4044154716,,109.5781371,1753.250194,N,0,N,N,0,0,0,N,
4044923757,,177.0337202,2832.539523,N,0,N,N,0,0,0,N,
4045171059,,634.751585,9521.273775,N,5,N,N,0,0,0,N,
4046620550,,467.7990919,7016.986379,N,0,N,N,0,0,0,N,
4048237084,,476.6770881,5243.447969,N,0,N,N,0,0,0,N,
4048970095,,354.9006412,1774.503206,N,0,N,N,0,0,0,N,
4050019925,,502.4265952,5024.265952,N,0,N,N,0,0,0,N,
4050851402,,147.3741469,3831.727819,N,3,N,N,0,0,0,N,
4057992318,,70.71279051,919.2662766,N,0,N,N,0,0,0,N,
4060085918,,535.9219977,5359.219977,N,0,N,N,0,0,0,N,
4060137644,,370.7169032,4448.602838,N,0,N,N,0,0,0,N,
4060519274,,681.4080106,16353.79225,N,3,N,N,0,0,0,N,
4061138801,,258.7715643,2587.715643,N,0,N,N,0,0,0,N,
4062578099,,205.5083867,3493.642574,N,5,N,N,0,0,0,N,
4066779232,,646.1567653,18092.38943,N,0,N,N,502,473,3,N,
4066893280,,214.1245229,1284.747137,N,0,N,N,0,0,0,N,
4067279381,,438.4793422,10523.50421,N,0,N,N,0,0,0,N,
4068820302,,317.2745703,3490.020273,N,0,N,N,0,0,0,N,
4070489094,,721.75183,7939.27013,N,0,N,N,0,0,0,N,
4074690951,,950.4055516,20908.92214,N,0,N,N,0,0,0,N,
4076057482,,470.5214957,7998.865427,N,0,N,N,0,0,0,N,
4078057488,,167.416533,2176.414929,N,0,N,N,0,0,0,N,
4079083394,,813.2147357,813.2147357,N,0,Y,N,0,0,0,N,
4081166970,,760.4026564,10645.63719,N,0,N,N,0,0,0,N,
4081309172,,426.8611966,11952.1135,N,0,N,N,0,0,0,N,
4082017617,,453.7549991,5898.814988,N,0,N,N,0,0,0,N,
4082116860,,207.6414459,4360.470364,N,0,N,N,0,0,0,N,
4082271010,,80.55682561,1127.795559,N,0,N,N,0,0,0,N,
4082521658,,720.274822,20887.96984,N,0,N,N,0,0,0,N,
4085084708,,140.3885603,2105.828405,N,0,N,N,0,0,0,N,
4088215698,,262.8345814,1314.172907,N,0,N,N,0,0,0,N,
4090858730,,236.9948969,2606.943866,N,0,N,N,0,0,0,N,
4091501588,,994.9872011,18904.75682,N,0,N,N,0,0,0,N,
4091865330,,284.8343405,4557.349448,N,1,N,N,0,0,0,N,
4092363304,,589.0571821,15315.48673,N,0,N,N,0,0,0,N,
4095958329,,74.34093079,743.4093079,N,0,N,N,0,0,0,N,
4096008781,,31.19172007,343.1089208,N,0,N,N,0,0,0,N,
4097798551,,205.1186699,5743.322757,N,0,N,N,0,0,0,N,
4098488129,,853.271362,23038.32677,N,0,N,N,0,0,0,N,
4098641393,,454.585257,4091.267313,N,0,N,N,0,0,0,N,
4099394301,,330.6639474,0,N,0,N,N,873,426,4,N,
4103662280,,742.4557002,19303.84821,N,2,Y,N,0,0,0,N,
4103989208,,959.7141485,18234.56882,N,3,Y,N,263,198,4,N,
4104229672,,236.4571595,1655.200117,N,0,N,N,0,0,0,N,
4106922433,,366.4408559,3297.967703,N,0,N,N,0,0,0,N,
4109066561,,900.9657918,11712.55529,N,4,N,N,0,0,0,N,
4110101760,,820.4086873,4922.452124,N,0,Y,N,0,0,0,N,
4110801530,,108.0366596,648.2199576,N,0,N,N,0,0,0,N,
4111289732,,793.4039636,2380.211891,N,0,Y,N,0,0,0,N,
4112595797,,305.4780268,0,N,0,N,N,0,0,0,N,
4116308413,,645.4808533,645.4808533,N,0,N,N,0,0,0,N,
4116583683,,924.7720703,2774.316211,N,0,N,N,0,0,0,N,
4116803102,,343.4040662,5151.060993,N,0,N,N,0,0,0,N,
4118889531,,670.9363477,14760.59965,N,0,N,N,0,0,0,N,
4119237225,,875.3891965,15757.00554,N,6,N,N,0,0,0,N,
4119681952,,812.4080379,1624.816076,N,5,N,N,0,0,0,N,
4120987804,,216.2755969,3244.133954,N,0,N,N,0,0,0,N,
4121635732,,271.7648081,7609.414627,N,0,N,N,0,0,0,N,
4121776983,,960.4323617,5762.59417,N,2,N,N,0,0,0,N,
4123455712,,908.0677807,3632.271123,N,0,N,N,0,0,0,N,
4124918495,,457.2117028,11887.50427,N,0,N,N,0,0,0,N,
4126565206,,828.3162433,15738.00862,N,4,N,N,0,0,0,N,
4129147097,,636.9243118,2547.697247,N,0,N,N,0,0,0,N,
4129841331,,374.8209988,3373.388989,N,8,N,N,673,321,4,N,
4130182268,,865.8621009,25975.86303,N,0,N,N,0,0,0,N,
4132770314,,20.53872105,287.5420947,N,0,Y,N,0,0,0,N,
4133274531,,699.5611201,11192.97792,N,0,N,N,939,571,1,N,
4136293685,,479.8838579,8637.909442,N,0,N,N,0,0,0,N,
4139729954,,494.4024522,11371.2564,N,0,N,N,0,0,0,N,
4141125120,,453.2917794,10879.00271,N,0,N,N,0,0,0,N,
4145436858,,588.4226094,6472.648703,N,0,N,N,0,0,0,N,
4145685208,,444.4585881,1777.834352,N,0,N,N,0,0,0,N,
4149815950,,161.7877864,2265.02901,N,0,N,N,0,0,0,N,
4150399541,,301.6586673,904.9760019,N,0,N,N,0,0,0,N,
4151869801,,18.19954524,436.7890858,N,0,N,N,0,0,0,N,
4153895227,,710.1299289,20593.76794,N,0,N,N,0,0,0,N,
4155002753,,94.85828742,1612.590886,N,0,N,N,0,0,0,N,
4155239210,,90.55621124,90.55621124,N,0,N,N,0,0,0,N,
4157473725,,476.9598185,953.919637,N,3,N,N,0,0,0,N,
4157543577,,71.7668245,1650.636964,N,0,N,N,0,0,0,N,
4157679542,,260.5499071,1042.199628,N,0,N,N,0,0,0,N,
4158755914,,667.9883995,10687.81439,N,0,N,N,0,0,0,N,
4158993415,,701.9198833,2807.679533,N,0,N,N,0,0,0,N,
4159586617,,833.7608581,16675.21716,N,0,N,N,0,0,0,N,
4159896719,,921.1322117,27633.96635,N,0,N,N,0,0,0,N,
4160657708,,81.44378018,895.881582,N,0,N,N,0,0,0,N,
4161261580,,30.7483322,461.224983,N,0,N,N,0,0,0,N,
4161397964,,24.99837437,274.9821181,N,2,N,N,0,0,0,N,
4163286388,,114.7660913,2180.555735,N,0,N,N,0,0,0,N,
4163853118,,660.1286184,15843.08684,N,0,Y,N,0,0,0,N,
4164781309,,937.4655299,12187.05189,N,0,Y,N,0,0,0,N,
